equip_no,life,failed,indicator1,indicator2,indicator3,unit,vendor
A00048,85,1,121.1658905,102.8413903,93.0974028,A,A
A00370,40,0,114.7006664,109.0935529,108.6968184,A,D
A00457,43,0,92.01036137,95.8537947,114.1714076,A,B
A00733,82,0,89.13264319,108.2812434,114.635357,A,A
A00910,80,1,99.68203559,115.8417289,104.0767926,A,D
A01004,26,0,78.66593081,110.5184077,111.0784536,A,D
A01114,79,0,104.9116487,104.2572957,83.42149109,A,D
A01150,37,0,129.8155876,104.0702758,99.8617326,A,C
A01405,25,0,86.0706438,104.9150315,137.6061546,A,B
A01609,83,1,129.5853061,93.69210818,84.91572472,A,B
A01869,33,0,105.5712867,101.7670565,63.18449738,A,D
A02526,10,0,133.4265573,107.4336744,95.73557981,A,B
A02788,103,1,107.2713872,89.43047465,60.30010334,A,B
A02947,73,1,72.29605807,98.65100391,89.75361583,A,A
A03569,72,1,114.6897687,92.65291582,111.15933,A,C
A04365,89,1,79.25573205,112.6724587,124.736851,A,A
A05277,53,0,72.25553465,117.6716536,89.68002082,A,C
A05460,7,0,62.39240693,89.08275675,88.76889673,A,D
A05507,22,0,77.30203512,95.24526849,102.4544526,A,D
A05546,38,0,85.4702501,111.5486787,84.48907863,A,A
A05572,7,0,95.03146636,99.04378211,133.4637814,A,D
A05869,34,0,71.32208515,101.3429664,117.5391579,A,D
A06270,67,1,93.35727589,89.29033639,99.55773664,A,C
A06834,31,0,84.89864628,84.86790095,96.5560518,A,D
A07384,70,0,101.1584808,89.23415453,111.1869777,A,D
A07718,57,1,108.1568179,102.231344,83.4708124,A,C
A08239,60,1,89.74268264,85.25810757,44.33108441,A,C
A08277,48,0,92.17885406,104.2302045,96.51715873,A,D
A08765,25,0,129.540845,92.12162741,72.37703226,A,B
A09218,81,1,82.86997595,108.3881143,105.1152794,A,D
A09509,38,0,86.14392774,94.86906416,128.1063994,A,C
A09719,36,0,93.7971681,92.23087548,117.8775732,A,B
A10048,92,1,111.2558114,97.35998621,122.0342734,A,B
A10073,72,1,112.0956784,95.34112341,91.10385148,A,A
A10217,93,1,89.10571119,94.89606948,93.73461694,A,B
A10432,5,0,72.01005056,109.5603947,132.4949068,A,C
A10505,66,1,76.14465414,93.97345443,108.9442729,A,C
A11955,10,0,81.96399134,82.55990559,69.81572205,A,B
A12089,22,0,105.3398198,106.0510666,105.3091613,A,B
A12100,88,1,133.7792866,103.1399645,104.1215429,A,A
A12141,57,1,98.41174596,101.0983454,100.7630124,A,C
A12228,69,0,137.1074186,89.75347336,83.12919201,A,A
A12332,10,0,100.777048,86.18997764,93.77437822,A,D
A12407,102,1,107.9141561,107.5154579,124.397205,A,B
A13456,86,1,95.07575508,104.6095164,68.87349656,A,A
A13646,23,0,143.8612427,108.4817025,93.23788677,A,D
A14093,57,1,83.03044607,107.6538483,92.02624326,A,C
A14277,57,0,100.6223605,98.09015003,126.8485419,A,D
A14371,65,1,128.3172975,106.729157,94.7417842,A,C
A14535,32,0,101.6767349,104.4654632,78.75495455,A,B
A15171,10,0,113.6090937,83.46267061,104.1224911,A,C
A15172,29,0,77.528434,102.3763566,107.6887313,A,B
A15676,61,0,101.9277194,98.61359172,97.90275087,A,D
A16008,66,1,64.03563589,99.82619873,106.3987993,A,C
A16380,18,0,69.80779035,83.67069847,82.23645826,A,B
A16425,48,0,89.6800915,102.2533692,108.4548245,A,D
A16556,41,0,97.56399942,97.82876698,79.98840239,A,A
A16949,25,0,94.68950331,108.2822108,89.05813298,A,B
A17066,62,0,134.4874366,84.04373237,120.353069,A,A
A17134,71,1,136.363399,89.90204761,77.3760987,A,A
A17224,95,1,122.5191039,100.3323366,93.44364743,A,B
A17224,52,0,116.3087415,97.67504843,107.035628,A,A
A17321,83,1,116.7270751,110.8713319,95.07563134,A,D
A17917,55,0,110.9349035,93.21089513,155.3838857,A,B
A18141,69,1,101.7687594,107.2465113,99.63780661,A,C
A18371,83,1,95.11565143,84.65580465,122.7390448,A,B
A18445,61,1,94.68396594,108.9614215,118.0273944,A,C
A19118,90,1,87.73855425,100.0435914,104.753569,A,B
A19131,77,1,84.13029987,97.39921807,92.50226444,A,A
A19326,45,0,112.4122561,109.3399773,132.6489933,A,B
A19430,83,1,124.919901,110.8317553,81.48699807,A,D
A19901,22,0,90.57959798,96.70531603,136.1321316,A,B
A19910,58,0,116.6123569,99.96354325,137.4741755,A,D
A19935,17,0,82.42322758,81.03770521,83.03736305,A,C
A20058,72,0,113.0908777,109.3698093,95.60612507,A,D
A20153,72,1,110.0800055,96.84071815,100.8559716,A,A
A20184,59,0,95.30752801,97.49013516,102.3134457,A,C
A20479,94,1,143.5872596,87.52940523,95.59879603,A,B
A20730,47,0,114.798646,93.48883157,54.85463932,A,C
A20965,74,1,75.0604639,91.73103628,57.34534891,A,A
A21274,39,0,88.71833465,79.23709873,123.5756211,A,D
A21632,65,0,138.729936,84.25043595,73.31904291,A,B
A22209,25,0,95.21464918,93.07170934,75.84542114,A,D
A22320,82,1,110.8689295,98.5840232,121.5605208,A,B
A23166,82,1,80.8034882,101.63745,116.4650161,A,A
A23703,55,0,87.51321781,115.461282,104.0242329,A,D
A23934,71,1,102.7767557,111.4517798,112.9557703,A,C
A24110,33,0,140.9858744,87.25006628,125.4733721,A,D
A24131,37,0,121.6248825,98.69430428,74.75057567,A,C
A24463,82,0,103.8813764,93.1331722,92.27922542,A,D
A24631,28,0,118.9786971,105.298916,115.247085,A,B
A25085,4,0,89.9994371,104.9729116,129.9878939,A,A
A25122,69,1,127.5206011,75.91283991,119.861342,A,A
A25230,27,0,65.55163161,89.23078421,148.0145809,A,C
A25334,72,0,111.6225804,93.89606386,125.2775595,A,D
A25378,88,1,99.43119894,96.43331087,55.91119683,A,A
A25433,71,1,78.91818984,80.50030303,87.98640894,A,A
A25534,30,0,106.1000779,99.84788693,93.34575008,A,D
A26100,77,0,137.3669077,98.26301894,87.22526474,A,D
A26189,9,0,85.78027201,92.84483672,90.2360567,A,C
A26528,49,0,99.1729528,105.2015316,56.1165184,A,B
A27345,74,1,81.94738031,90.12448188,114.5670649,A,A
A27462,49,0,124.3589233,97.19907991,46.85704695,A,C
A27473,40,0,75.17163243,99.06887516,105.6360835,A,B
A27637,94,1,90.20118571,89.42175577,119.5940377,A,D
A27718,76,0,118.0070529,84.5964103,109.636018,A,B
A27804,67,1,116.7030362,99.4532466,80.72306687,A,C
A28122,64,1,95.75352436,92.31580754,95.32702839,A,C
A28247,90,1,126.2074958,108.3094338,115.5916939,A,A
A28471,74,0,62.21239864,97.98055543,112.045723,A,A
A28664,46,0,107.1796832,84.26251393,111.5631001,A,D
A28696,92,0,100.2848608,102.4336216,106.1875516,A,D
A28985,76,1,84.34406647,103.3770521,113.2754593,A,A
A29051,85,1,144.3445174,95.12186217,127.8402262,A,B
A29276,53,0,88.04750683,108.4000402,90.87088496,A,B
A29340,94,1,113.5985097,87.03884506,112.4952072,A,B
A29681,70,1,147.4138919,87.44533599,100.0408353,A,A
A29743,73,1,111.7661724,97.22459227,116.8030671,A,A
A29830,91,1,129.1243378,103.3447202,92.84635902,A,D
A29929,25,0,114.6734454,91.86074592,88.2958658,A,A
A30177,71,1,103.8805889,112.0110167,133.4597497,A,C
A30200,54,0,104.1600552,87.36072497,99.85630851,A,D
A30330,30,0,113.2726053,114.696552,79.69982029,A,C
A30725,82,1,84.6746399,87.14461217,124.5358699,A,A
A30844,83,1,114.6298749,102.294442,51.1069448,A,B
A31033,36,0,92.17880634,101.0721874,67.25648332,A,C
A31269,85,1,143.8070826,106.3239601,122.020558,A,A
A31622,36,0,81.77978353,91.96565385,75.14654634,A,D
A31800,13,0,111.5163715,98.31505149,123.3052926,A,B
A32372,26,0,91.06149269,104.8846811,60.61123187,A,C
A32971,37,0,131.5024077,106.5461545,109.8030349,A,D
A34180,87,1,126.7058619,92.44197037,104.9071869,A,D
A34472,20,0,53.45018161,79.64982916,103.6298501,A,A
A34584,74,1,113.965257,127.3026074,107.2647361,A,A
A35035,25,0,83.45815627,83.76541926,108.4264351,A,A
A35047,70,1,99.73112801,78.91376847,103.067457,A,A
A35663,59,0,96.27225443,77.80137602,112.1961703,A,A
A35840,73,1,129.9664351,95.76767249,110.7243672,A,C
A36671,4,0,110.7350681,113.2917759,54.53286892,A,B
A36794,71,1,109.7446432,89.67105476,138.5473255,A,C
A36913,29,0,97.13286233,117.2449063,101.5042043,A,D
A37536,58,0,77.4245435,89.95804395,112.2726752,A,C
A37662,72,1,101.7492024,92.01452778,103.7654068,A,C
A37824,24,0,94.15601843,123.0806296,105.3645153,A,C
A38017,81,1,106.3317345,107.4080993,107.4768874,A,A
A38582,85,1,116.7404122,104.2045991,129.3847289,A,B
A38922,49,0,103.4524605,99.76755611,128.0759255,A,B
A39140,97,1,99.96158153,105.9447877,114.9973601,A,B
A39308,80,0,93.45679795,104.029526,103.4074918,A,B
A39563,89,1,82.39429705,96.82672815,125.4315376,A,D
A40064,70,0,119.6780052,99.67938347,114.9546663,A,D
A41493,49,0,73.14513861,95.24348535,120.7810241,A,D
A41781,71,0,75.80609176,80.41630602,101.5804487,A,D
A41811,7,0,106.9841215,91.1878978,98.22838553,A,B
A43094,23,0,140.3729067,104.5390305,82.25351215,A,A
A43224,42,0,114.2781179,95.16679302,88.99069701,A,A
A44049,60,0,117.9904551,97.06000359,128.812916,A,B
A44121,69,0,66.93302741,95.69960941,115.3685257,A,B
A44232,27,0,79.0391301,106.4118914,102.7117398,A,C
A44242,68,0,93.31462565,97.26276037,90.12881011,A,D
A44580,48,0,89.14378006,106.3110111,76.40645579,A,C
A44854,68,0,79.82891144,101.0689842,99.36824612,A,A
A45410,74,1,95.91575356,95.06581029,84.59359472,A,A
A45674,54,0,71.22337836,91.64444738,99.06341525,A,A
A46249,37,0,87.67880097,115.7122623,89.79210466,A,A
A46393,49,0,101.6701795,82.07504486,102.3655284,A,D
A46409,79,1,91.64573951,103.8590033,92.34526693,A,D
A46664,63,1,119.1369483,101.3228819,82.66317043,A,C
A46929,95,1,98.37929005,96.96697723,76.26973887,A,B
A47436,87,1,138.3759366,110.5161483,112.9856511,A,A
A47879,70,0,90.99176758,93.95345499,81.09924955,A,D
A47885,81,0,99.21774611,85.04469833,71.46352862,A,B
A48142,56,0,113.2269285,128.5950383,96.48873927,A,A
A48160,74,0,97.32105012,93.09866928,114.8743613,A,B
A48389,40,0,106.8312633,101.2135811,79.91117353,A,C
A48480,62,1,86.98757582,123.6561241,106.6508842,A,C
A48732,88,0,123.1083489,109.9657864,119.8540501,A,B
A49256,98,1,108.3393848,102.1765619,121.3259062,A,B
A49457,59,0,89.62264913,102.9938823,142.0284953,A,B
A49530,4,0,133.0639889,84.46012536,108.8989324,A,A
A50346,23,0,119.2571561,100.6706946,65.04109861,A,A
A50896,95,1,81.73325676,95.6129819,134.6336561,A,D
A51075,82,0,57.43642184,113.5861283,88.2030026,A,D
A51978,36,0,88.68783476,86.69133425,128.3799916,A,B
A53076,65,1,92.35071864,106.1939232,107.5371792,A,C
A53161,59,0,82.17819319,88.83202799,102.7250535,A,D
A53296,96,1,81.71752422,101.3424149,87.017921,A,B
A53432,85,1,79.25673701,97.42450677,113.8027764,A,B
A53507,46,0,101.7235342,87.62102969,110.2688197,A,D
A53549,82,1,95.32397567,103.2903791,109.4110162,A,A
A53866,32,0,124.1530955,97.44047556,101.92534,A,B
A54069,55,1,86.36611059,92.56197159,96.66794972,A,C
A54110,14,0,56.90766195,70.92881491,110.7122015,A,B
A54588,67,1,90.44987724,113.957099,72.40684563,A,C
A54641,81,1,70.76412566,88.90264367,107.2609915,A,A
A54839,22,0,108.0678329,106.343999,87.00380701,A,A
A55654,4,0,99.55729989,75.06279953,101.1478423,A,C
A55878,44,0,97.92286888,103.6839047,95.77434809,A,C
A55904,75,0,99.55228351,99.26548504,91.46616916,A,A
A56292,61,0,97.10854231,103.1132546,121.280986,A,D
A56379,49,0,99.94713693,88.07971633,100.8153492,A,C
A56453,53,0,102.1127749,106.2506946,92.31519517,A,C
A56531,57,0,99.46358828,109.1463596,119.9772055,A,B
A56696,98,1,126.8191693,83.31109493,117.6669629,A,B
A57417,18,0,104.7586955,126.3110635,99.32586687,A,A
A57970,28,0,86.81929694,85.25841804,115.9266443,A,B
A58210,44,0,86.10751429,93.68407938,83.15696087,A,C
A58276,39,0,85.80748956,93.02524417,96.3568589,A,D
A58779,26,0,102.5645544,115.5031125,91.46874009,A,C
A59091,7,0,85.73088376,104.2604324,81.1547673,A,C
A59505,6,0,123.0263818,101.2923412,113.8098361,A,A
A60973,19,0,98.56261935,96.52450221,49.84846939,A,A
A61100,67,1,96.17271983,78.30528722,119.595801,A,C
A61104,53,0,98.68886709,125.3812758,123.3805805,A,D
A61149,93,1,77.70504868,83.97763667,64.88013098,A,B
A61354,35,0,79.31455063,97.40118033,78.50646147,A,A
A61466,57,0,122.287991,93.84835213,91.06499024,A,A
A61531,58,0,130.6205854,117.5362464,72.85384667,A,A
A61817,26,0,92.57385892,103.6563739,103.262856,A,B
A62519,66,0,97.30113122,90.87000417,80.6965672,A,C
A62639,19,0,98.2261406,102.2590175,71.95119998,A,A
A62804,31,0,91.16611817,95.08496803,101.3501698,A,B
A63069,12,0,99.00365273,97.32850275,72.77187235,A,D
A63577,24,0,127.2669194,93.92932564,73.3061197,A,A
A63814,91,1,71.10556819,108.6931765,81.73936165,A,B
A64295,52,0,119.7459957,119.1046335,112.3412826,A,A
A64316,33,0,113.4358321,91.82061858,95.36508541,A,D
A64765,78,1,101.8850304,80.20631364,111.2401286,A,D
A64774,62,0,92.1617229,111.7654021,112.2239802,A,A
A65090,31,0,135.587121,97.88356459,92.80935236,A,C
A65781,71,1,62.64646201,101.5569311,115.4800775,A,A
A66169,78,1,89.42263505,117.8713739,106.1169784,A,D
A66495,43,0,107.2980695,85.05529129,109.8410029,A,C
A66697,88,1,96.00878453,84.58755361,95.28725334,A,A
A66800,6,0,100.0915524,98.56383772,127.8021082,A,C
A66967,45,0,82.67022466,106.2353533,115.3757052,A,B
A67212,56,1,102.194994,93.38983164,70.11393139,A,C
A67613,14,0,101.3580689,81.41299882,105.7679599,A,B
A68342,38,0,119.0339468,120.1119323,70.32511371,A,A
A68414,76,0,67.46672736,111.2280979,89.08602618,A,D
A68465,28,0,90.24452612,109.5234175,123.3471888,A,D
A68698,94,1,92.97667487,98.64137136,101.3321156,A,B
A68933,74,1,113.601145,92.24315126,109.8760155,A,A
A68948,78,1,89.35061975,95.22812545,99.08231665,A,D
A69201,24,0,110.3339493,113.9085168,101.7005933,A,B
A69725,50,0,39.78317591,102.6579809,108.621829,A,C
A69880,63,0,78.35441224,115.1030776,120.4686983,A,A
A70401,57,0,86.45206246,85.44861354,86.04541606,A,B
A70570,30,0,67.81225145,96.10784622,122.3718087,A,A
A70609,62,1,111.9591844,117.9394084,98.52943386,A,C
A70637,66,0,116.814456,96.56036437,122.2757262,A,D
A70651,49,0,89.3451342,102.957647,97.16886592,A,D
A70789,37,0,79.74372147,88.19704009,96.94715708,A,C
A71027,83,1,121.3920162,116.1570602,131.3832723,A,A
A71195,77,0,127.3713508,103.5734976,111.2251287,A,D
A72479,38,0,95.61878045,103.3933774,109.7863541,A,A
A72686,77,0,113.0237965,104.8803362,86.11663572,A,D
A73827,63,1,105.4103217,81.93303627,110.8174363,A,C
A73924,50,0,87.946098,96.13748874,107.1117844,A,B
A74035,33,0,105.8937636,104.39546,118.3853166,A,C
A74044,63,0,112.1474165,104.1635614,82.13596405,A,B
A74195,72,0,117.083811,101.9919728,96.95931027,A,B
A74449,56,0,67.46314505,100.3128302,88.61622406,A,A
A74503,15,0,93.91140451,106.0364132,112.5418604,A,B
A74804,49,0,133.4835583,96.44604138,86.11773347,A,D
A74808,48,0,113.068106,94.94439656,106.5518926,A,A
A74841,83,1,143.8647421,95.87773954,117.1610923,A,D
A75462,84,1,82.48807497,94.06325121,118.0945448,A,D
A75620,72,1,107.3121062,99.27197297,102.0307612,A,A
A75718,16,0,117.9043996,89.84703399,73.17482049,A,A
A76514,9,0,103.9198822,104.4671814,114.6860223,A,A
A76678,22,0,102.3336394,96.42298434,80.75166079,A,C
A77173,72,1,104.5512445,103.1169775,96.76267759,A,A
A77379,46,0,112.2521075,102.8398951,103.1035794,A,C
A77684,60,1,119.0011817,108.5672605,90.21907271,A,C
A77823,77,0,105.0034653,113.9079658,92.92996339,A,B
A78503,54,0,122.3290021,99.430185,113.2887586,A,C
A78646,55,0,112.4511083,94.6896782,62.71681205,A,B
A78657,38,0,81.67473275,81.85356258,83.42249496,A,D
A78796,94,1,96.00625928,91.51747606,95.30945357,A,B
A79437,26,0,129.3586686,95.48779959,104.7582439,A,A
A79671,38,0,98.94246341,90.31914773,82.09243986,A,D
A80475,99,1,124.7428685,97.85352326,98.34049821,A,B
A80792,72,1,109.2796161,102.9387744,113.5224963,A,A
A81389,76,0,110.076247,97.36370029,89.47804982,A,D
A81818,84,1,70.10171881,92.55906673,131.734206,A,B
A83857,63,0,98.14785492,110.3888521,138.4908163,A,D
A84111,20,0,71.81758969,100.2809694,102.2693672,A,B
A84181,35,0,130.4633019,113.0289302,109.8976734,A,B
A84599,67,1,100.5258397,108.7645407,111.9841191,A,C
A84884,39,0,56.91870478,74.74741543,94.92339697,A,B
A85291,61,1,95.31746825,80.63088947,92.21326954,A,C
A86280,13,0,114.6843238,112.8651383,76.55626608,A,C
A86321,31,0,101.3526393,98.46945124,73.08420955,A,D
A86397,57,0,79.1113931,73.6071607,74.8746231,A,A
A86659,63,0,90.16256001,91.43521609,110.7019087,A,B
A87611,75,1,100.7887618,98.59732672,66.33906123,A,C
A88397,43,0,125.7018715,101.9967219,58.30095817,A,B
A88965,79,1,92.48346899,102.6948173,91.39246184,A,A
A88979,35,0,130.0894769,96.36774655,103.6083438,A,C
A90025,28,0,138.4454389,99.62344687,93.4746867,A,B
A90491,85,1,111.2730416,84.02775136,122.1968428,A,B
A90556,20,0,94.55845182,97.76062025,81.06775078,A,A
A90754,76,0,106.8671887,118.9483574,97.42421086,A,D
A90757,90,0,87.72727391,117.5135353,42.27959777,A,B
A90779,55,0,98.59001085,104.655602,127.0598802,A,B
A91361,99,1,127.6631691,95.73106664,133.6236876,A,B
A91483,38,0,141.3049796,100.565399,90.687831,A,C
A92035,51,0,110.6072377,103.8373069,121.1524524,A,C
A92091,24,0,106.7294506,101.1249579,100.1692002,A,A
A92132,62,0,95.92226826,102.5904676,89.99548863,A,C
A92167,22,0,123.9284399,102.3402566,110.9507609,A,C
A92498,23,0,114.0235311,111.6055839,108.8943008,A,D
A92639,75,1,80.16096302,109.9425243,113.9839003,A,A
A92857,95,1,133.1077066,104.051493,120.9586286,A,B
A93893,61,0,85.57802723,100.6729505,118.5266303,A,D
A94322,4,0,124.6300872,94.23652593,99.52129916,A,C
A94348,90,1,110.0090321,111.6681873,108.5662,A,D
A94946,27,0,80.19902714,108.4494863,96.28547323,A,C
A94970,11,0,69.04580099,104.2146142,83.07660209,A,C
A95700,16,0,115.698401,105.8508457,89.34379968,A,D
A96383,97,1,58.28240383,99.04385992,59.1837539,A,D
A96400,57,1,104.6556904,93.5158375,107.7381429,A,C
A96890,38,0,133.8946635,105.3395675,90.33291737,A,C
A96989,55,0,109.2597706,92.25017384,70.1168102,A,C
A97127,84,1,90.03014039,95.62513027,121.6596974,A,D
A97587,79,1,112.0633881,112.2294842,147.0523134,A,A
A97693,73,0,119.5429652,94.43931888,114.9243374,A,B
A97697,79,1,121.2374588,88.68012128,86.83974385,A,D
A98131,74,1,95.24539906,115.9503864,100.4178602,A,C
A98451,80,1,102.7097196,102.8467778,108.3242991,A,A
A98690,100,1,128.7277348,96.5898045,135.2507754,A,B
A98795,84,0,96.46384171,120.2509566,107.8049309,A,B
A99188,55,1,112.8939709,104.7427573,107.3606306,A,C
A99297,72,1,96.87798631,98.32454997,111.1276741,A,C
A99836,66,0,72.34009193,104.698884,124.9275537,A,D
B00281,35,0,104.7316543,102.8613655,109.6280935,B,A
B00543,38,0,115.3062038,105.9267071,75.19061894,B,C
B00694,4,0,124.060321,106.6025178,100.1367328,B,C
B00729,56,0,104.5401682,108.4201565,104.4062563,B,C
B00896,76,1,106.1130127,102.3813186,93.40801931,B,A
B01119,58,1,92.32067629,99.02341879,113.188661,B,C
B01257,79,0,89.03305936,102.111698,120.457516,B,D
B01488,97,1,120.1842062,82.46557766,132.2585991,B,B
B01555,66,1,70.9206612,98.72240236,76.54239502,B,C
B01644,55,0,127.821078,95.99036544,104.1203675,B,D
B02044,53,0,99.12691885,105.455789,113.4644369,B,D
B02251,68,1,87.64751401,112.6685491,77.59314255,B,C
B02404,70,1,90.944893,92.3535606,140.6030213,B,C
B02954,71,0,85.56228351,102.4185949,97.14373123,B,B
B03585,93,1,103.2401042,106.61584,90.70206847,B,D
B03986,62,0,105.9714478,87.36748742,106.5517152,B,B
B04073,30,0,100.4601827,98.82130347,76.443343,B,C
B04556,6,0,87.41407071,94.77453536,97.78208935,B,C
B04681,33,0,123.5105012,105.9690406,92.65344596,B,B
B05115,35,0,121.8713508,107.835907,114.6001775,B,D
B05961,59,1,100.2518501,93.34673498,88.15086763,B,C
B06647,62,0,80.60779421,102.9776209,103.6789277,B,A
B06806,4,0,72.42312878,120.4841552,116.4004334,B,B
B07200,70,0,110.8812294,90.74898805,105.0559928,B,C
B07201,60,1,97.61987153,95.60150259,88.37180867,B,C
B07882,88,1,96.12034618,105.5761964,124.0671196,B,B
B07887,34,0,48.59034661,107.0189746,82.67233951,B,D
B08238,64,0,146.3333418,98.23750591,103.2092373,B,A
B08647,62,1,84.75126749,121.8106661,102.97026,B,C
B08728,40,0,128.2207485,110.4003294,85.37598469,B,A
B08953,41,0,91.24713174,93.03728223,94.45839707,B,C
B08992,52,0,112.2059189,101.9365276,116.0347362,B,C
B09024,18,0,125.2429312,96.11064846,122.7510846,B,C
B10265,57,0,94.57927475,100.776327,111.9414802,B,A
B10288,49,0,65.25918125,98.8748043,86.52544178,B,C
B11168,48,0,81.82940534,104.9825534,102.2891495,B,C
B11292,85,1,85.58348492,106.1123531,92.08460808,B,D
B11879,19,0,86.65688722,110.3557443,105.599702,B,B
B12210,79,0,120.9455502,101.9858519,101.8841017,B,D
B12310,50,0,111.3151668,106.4346117,77.21030463,B,A
B12576,50,0,132.8335446,106.0307272,84.6399811,B,C
B12975,58,1,76.76990774,110.1044455,76.71751602,B,C
B13237,73,0,80.00815226,92.94532758,104.9994585,B,B
B13347,92,1,113.7665009,88.42367648,110.0930537,B,D
B13935,74,1,104.6820796,106.7360984,102.6007936,B,A
B13967,53,0,80.01967528,120.844063,116.3064452,B,A
B14319,33,0,104.2805506,97.61164939,106.867088,B,B
B14627,85,1,81.37314584,91.70991941,131.4217169,B,B
B14709,52,0,102.5436645,94.82559513,67.16846487,B,A
B14862,95,1,120.6151502,86.09934693,89.08310201,B,D
B15033,97,1,62.86186865,112.9621698,117.1686465,B,B
B15390,77,1,81.55537698,90.69889367,97.02690353,B,A
B15619,63,0,139.5743417,100.5087382,69.38011409,B,A
B16017,22,0,66.05914598,91.08115049,132.8960253,B,A
B16127,91,1,105.0747055,98.55536282,130.5570767,B,B
B16168,6,0,84.52197479,93.23293592,87.91034665,B,C
B16217,6,0,82.61100175,113.1563812,130.5451632,B,A
B16726,99,1,75.99730079,96.3718599,98.93408655,B,B
B16783,62,1,89.75231566,106.4519667,141.0827592,B,C
B17289,74,0,71.49098287,93.2324069,111.7422413,B,D
B17362,37,0,93.78066682,95.35328972,82.56648328,B,D
B17996,50,0,117.6863649,105.2636914,69.38300103,B,B
B18221,51,0,85.97976393,104.2711849,121.4452996,B,B
B18482,57,0,99.29371474,98.01543531,122.8656317,B,A
B18562,65,0,92.65273389,88.29525666,95.71042159,B,A
B18637,38,0,129.7160319,101.1895895,99.92397973,B,B
B18756,67,1,93.24543008,89.39662465,107.1840475,B,C
B18840,92,1,36.95721852,106.369383,87.53799466,B,B
B19105,63,0,86.00046399,100.1340867,111.4212249,B,C
B19134,62,0,85.56227794,111.9108143,95.9716024,B,A
B19135,86,1,64.97934021,102.1024831,82.67734265,B,A
B19508,90,1,68.43805127,87.65995975,91.91921815,B,B
B20197,88,1,108.8375233,94.49523742,120.4209254,B,A
B20273,84,1,86.69146311,96.49318685,72.22892252,B,D
B20340,68,0,110.083131,112.9812551,96.62748214,B,B
B20375,91,1,119.0728916,111.1276651,116.1649707,B,D
B20651,87,0,79.9061587,77.43338581,71.16947247,B,B
B20653,15,0,63.68829486,87.04011662,124.5943298,B,B
B20776,81,1,112.9778763,98.3782401,125.7614657,B,A
B21580,46,0,96.0259551,101.7665745,129.3959183,B,C
B21637,95,1,97.86140584,108.5911603,99.86760889,B,D
B22177,4,0,104.6585302,107.5376658,126.3743168,B,A
B22282,42,0,104.4344592,99.80887167,92.74548648,B,C
B22760,37,0,81.50310722,104.1141034,73.27573124,B,C
B23001,77,0,88.40910573,96.96752761,102.8770082,B,A
B23051,82,1,134.9526042,88.4801008,108.6773664,B,B
B23165,72,1,96.10524366,116.4932538,97.14318758,B,A
B23406,51,0,93.09981147,103.4661907,71.49777571,B,C
B23463,86,0,112.60533,100.2743409,87.98363112,B,D
B23759,54,0,116.246305,80.81829191,92.60063967,B,A
B23936,80,1,102.185641,89.06691257,93.84971699,B,A
B24248,38,0,88.37081726,88.25204726,88.85615429,B,D
B24298,20,0,95.06305508,105.9859448,108.0082866,B,B
B24305,7,0,62.33579998,92.24498992,93.70366556,B,A
B24316,33,0,116.5570977,91.861367,86.41816173,B,A
B24425,5,0,96.70986038,89.49637124,91.67263447,B,A
B24947,72,0,89.88222274,103.8470332,90.89449635,B,D
B25082,20,0,70.04576881,104.9802014,70.66169669,B,D
B25164,94,1,86.99664346,91.03846392,58.58520759,B,B
B25871,60,1,94.24723246,107.260203,77.81619344,B,C
B25931,65,0,121.7053459,96.53701627,108.3030495,B,D
B26026,29,0,91.06771541,99.41313697,106.6359452,B,B
B26147,17,0,95.4696821,75.45927052,120.3658475,B,C
B26501,87,1,77.00011108,98.53532535,97.16121249,B,A
B26712,74,1,96.53224252,96.26037495,76.08557046,B,C
B26757,81,1,79.66925455,95.92690751,99.73563529,B,A
B27159,86,0,76.06914566,97.0736997,83.24985338,B,D
B27183,7,0,89.30661009,98.71708976,99.76389665,B,B
B27489,101,1,81.28916813,105.8568185,80.75742109,B,B
B27554,88,1,82.61501033,102.9596453,124.0469975,B,A
B27634,64,1,89.63557821,93.41569831,119.5139037,B,C
B27957,40,0,90.14957518,108.5000483,82.37295228,B,A
B28324,69,1,69.13459519,81.98012234,81.03392506,B,C
B28377,82,0,114.8598046,110.4739002,91.61400596,B,A
B28485,82,1,99.20956467,102.7426686,76.15820848,B,D
B28568,4,0,46.60128721,114.4996363,71.80056052,B,B
B28678,59,1,104.6414108,111.4188395,96.51154379,B,C
B28898,6,0,71.98632777,91.96023876,109.951768,B,D
B29088,42,0,83.84387513,96.46360873,92.79820374,B,D
B29200,13,0,120.2859938,103.4541368,90.56827189,B,C
B29215,65,1,57.19314091,102.1576218,106.4484335,B,C
B29662,88,1,103.0135453,86.58222924,69.53376531,B,A
B29793,72,1,129.9217437,104.5983261,65.18346688,B,A
B30080,13,0,124.3806396,101.5432185,102.6114378,B,D
B30693,47,0,116.9840757,85.83568366,104.9869855,B,D
B30853,73,1,73.43908733,104.0279567,94.90692673,B,C
B31106,89,1,91.39931729,99.91949583,80.8328907,B,A
B31112,18,0,88.04593898,94.6499297,90.7504789,B,D
B31132,4,0,64.84102158,87.63241888,84.74365498,B,A
B31200,19,0,58.57504538,107.644111,75.9997621,B,C
B31200,77,1,96.48678974,96.47253257,134.0993917,B,A
B31600,42,0,108.4494949,107.2553883,125.340291,B,B
B31620,31,0,104.0267784,88.21287267,83.22122036,B,A
B31788,40,0,91.60822135,114.8617036,104.1536206,B,C
B31862,76,1,88.41407945,97.36275458,89.31981296,B,A
B32610,85,0,105.7582145,112.4089301,112.2429165,B,B
B32865,94,1,94.01292355,107.9943727,86.82420605,B,B
B33334,65,1,81.71098194,99.14965123,93.16406456,B,C
B33483,59,0,77.4666105,89.20179928,84.53910754,B,C
B33553,66,0,85.07220883,104.1094647,107.7140369,B,B
B33554,42,0,105.5421334,97.28968823,112.9373963,B,D
B34048,22,0,113.1199934,101.1092512,75.30231632,B,D
B34175,8,0,122.7898163,81.32268697,87.05655228,B,C
B34954,89,1,115.0194282,113.8623509,86.31523612,B,B
B35027,23,0,97.87080501,104.0255241,78.4914549,B,A
B35275,84,1,95.8067128,92.91202985,87.67209364,B,B
B35958,70,0,82.51900511,99.43773299,95.52186729,B,A
B36045,81,1,83.32483885,97.97364021,65.21580585,B,D
B36097,88,1,68.85065142,106.2142358,115.7119699,B,A
B36684,10,0,90.63682861,101.8016105,130.0559851,B,D
B36933,77,0,94.03852545,96.57974053,127.2913514,B,B
B37507,28,0,97.75289859,99.413492,103.7562706,B,A
B37548,50,0,105.5088984,117.3216561,92.40268117,B,D
B38026,33,0,93.7078384,114.396699,115.0832449,B,D
B38362,82,1,95.21735068,106.1197597,88.43730614,B,D
B40237,93,1,89.40512082,89.46824597,96.83404154,B,D
B41087,88,1,79.52418296,89.02241135,90.30989822,B,B
B41173,68,1,113.7301442,102.2540164,92.79302585,B,C
B41418,80,1,94.46946956,116.7277592,80.76109253,B,D
B41996,79,0,62.11775037,95.0504184,84.07694229,B,D
B42266,17,0,104.1060598,105.9628557,113.6162542,B,A
B42790,30,0,113.4352002,94.69792313,95.78505053,B,D
B43302,26,0,132.8574784,82.0372826,106.7192651,B,A
B43827,29,0,90.48431219,106.8332232,55.01166325,B,D
B44455,101,1,65.7483249,94.92631364,102.3436485,B,B
B45091,24,0,89.06199119,99.90487827,73.71605989,B,B
B45123,75,1,109.0330362,92.7541199,124.7604446,B,A
B45132,94,1,86.88757075,106.6893263,95.55979966,B,D
B45589,14,0,112.4033275,107.7383667,111.4792895,B,A
B45934,80,1,111.9914415,106.2575243,110.3341415,B,A
B46084,78,0,90.38576175,104.5337845,111.3231862,B,D
B46371,6,0,79.53109778,100.4875962,53.46082223,B,C
B46376,85,1,74.03205981,81.48540424,122.9497116,B,D
B46511,62,1,90.59983598,98.07438142,96.2636136,B,C
B46670,55,0,80.94962803,106.3025588,96.25748233,B,C
B46823,58,0,110.4460737,99.59673272,100.2521234,B,D
B47025,89,0,88.59556354,92.01723212,57.07911388,B,D
B47177,46,0,112.8676307,119.1295103,119.151983,B,B
B47274,94,1,88.58975909,112.1675561,99.86145565,B,D
B47784,79,1,129.1863512,90.99237878,91.12806915,B,A
B47883,80,0,124.8601041,118.1497781,113.8879107,B,D
B47903,38,0,128.9411083,97.25785131,88.69819983,B,B
B47953,49,0,113.2849762,102.6527809,109.5798115,B,C
B47977,57,1,111.8094367,75.48027478,112.8468411,B,C
B48019,18,0,57.46321326,104.9790894,100.5280146,B,B
B48020,39,0,87.91652826,73.43455423,135.8513241,B,B
B48047,45,0,87.96763611,91.20086693,113.2602184,B,D
B48403,60,1,107.4348672,90.82303655,138.4133405,B,C
B48420,11,0,114.3549146,91.16757756,117.1695675,B,D
B48840,78,0,94.61417404,85.70223564,142.8270014,B,B
B48964,75,0,109.7687115,93.37811705,122.1599585,B,B
B49245,67,1,76.81390329,88.48760552,97.91723838,B,C
B50450,47,0,79.59452653,100.1106956,98.43332131,B,C
B50467,89,1,77.12083796,103.721079,78.25048078,B,A
B50878,46,0,98.32962285,100.5938109,115.5741047,B,C
B51013,29,0,113.211629,102.3871274,81.90237741,B,D
B51099,95,1,79.39533761,94.7009006,115.1788376,B,B
B51587,27,0,107.5213703,98.97375537,110.1142502,B,B
B52310,90,1,104.7029198,101.7302246,68.59001585,B,A
B52568,4,0,112.047415,89.84959363,81.10095313,B,B
B52833,70,1,51.69950796,58.54730111,60.51820437,B,C
B52957,66,0,95.59981157,97.55150136,129.203039,B,B
B53597,42,0,81.95766678,112.2018487,116.4980729,B,A
B53999,48,0,101.8051589,116.5310626,106.7305167,B,D
B54073,81,1,72.87854742,99.81103132,99.98644583,B,D
B54153,15,0,83.95831157,101.7508802,117.8981463,B,C
B54161,48,0,108.9292165,86.16872259,107.6951275,B,B
B54520,56,0,154.9245853,77.67724907,112.0488069,B,D
B54896,27,0,111.737241,96.47043186,85.47370017,B,B
B54911,17,0,73.64748388,108.8783622,120.1119781,B,C
B55754,4,0,80.42128326,97.10285708,91.440331,B,A
B56381,62,1,100.3562126,103.8248007,86.08794063,B,C
B57125,35,0,101.6326601,82.84151939,97.3135437,B,B
B57609,60,0,90.19991521,87.72408077,148.7948773,B,A
B57634,43,0,108.5361485,107.4292572,73.02532901,B,D
B57907,91,1,115.1857482,101.1496633,91.47168833,B,B
B58841,72,0,84.46620776,106.5032417,96.46031059,B,A
B58939,40,0,113.5169831,76.99989789,77.19401385,B,B
B59276,77,1,104.3627063,88.17677958,80.27367989,B,A
B60247,35,0,92.540717,88.18427275,115.3353489,B,B
B60387,29,0,87.39284133,106.1662339,84.52171258,B,D
B60713,10,0,106.6969636,97.21304372,93.85869715,B,B
B61206,94,1,79.63958383,115.057383,87.22372543,B,B
B61539,28,0,96.4221917,98.22750893,95.26037259,B,A
B61933,58,0,116.9013541,99.99869359,47.64149344,B,A
B62289,81,1,87.42199024,110.9415742,129.6915102,B,A
B62345,64,1,92.27626092,83.69236521,78.03294027,B,C
B62563,21,0,166.7858975,97.24421296,89.58568737,B,B
B63579,92,1,106.0579014,80.75135411,111.4629184,B,B
B63597,11,0,126.8592528,92.55529087,109.7438203,B,D
B63882,78,1,84.29478616,85.65029662,93.81460506,B,D
B64253,78,0,103.1069062,100.2276629,70.15612853,B,B
B65004,4,0,107.7859931,117.3903359,113.3773084,B,D
B65152,61,0,105.6467623,99.5059735,73.96276076,B,C
B65672,26,0,96.21961865,90.66213673,125.8385221,B,B
B65794,60,0,109.1177255,92.77764496,98.68664627,B,B
B65863,55,0,86.82007041,107.2141766,95.79943674,B,C
B66032,11,0,69.29337314,109.4179077,111.6442027,B,B
B66117,69,1,74.82551372,86.26659608,109.5085553,B,A
B66673,4,0,86.67802992,97.62710347,107.5590712,B,B
B67052,42,0,76.76859083,98.69889549,90.75000591,B,A
B67156,68,1,112.5857118,101.6142635,80.83568474,B,C
B67436,64,1,68.83180412,100.0075896,77.62546519,B,C
B67704,84,1,83.49423659,93.40046999,121.2977598,B,A
B67750,70,1,95.28030654,105.6102415,104.2267675,B,C
B67802,70,1,93.69823433,106.250103,100.5615017,B,A
B67875,24,0,81.41411179,77.84237127,76.29286351,B,B
B68397,40,0,95.72174212,104.6947288,111.7138916,B,C
B68577,29,0,112.7450016,91.61766973,100.9545667,B,D
B69103,98,1,102.3409431,90.80665259,109.2338791,B,B
B69462,77,0,88.18621311,116.0388643,103.5252337,B,D
B69959,14,0,96.61713227,110.2104906,92.23282144,B,A
B70317,92,0,100.7690515,111.5098444,97.47350299,B,D
B70319,85,1,114.2375319,104.4609854,139.9407679,B,B
B70337,96,1,83.3672664,112.1436343,115.0931378,B,B
B70749,70,1,58.16388876,83.21343527,84.04405964,B,C
B71126,46,0,117.0221942,91.2739045,99.18399217,B,C
B71290,47,0,67.89336141,99.51692219,111.8488205,B,C
B71301,75,1,120.4946348,120.355508,103.595199,B,C
B71712,46,0,73.20541659,87.27730432,94.81097722,B,A
B71732,85,1,102.1307254,117.0454427,80.10887306,B,A
B72351,102,1,86.22910861,86.11189974,111.8425483,B,B
B73135,63,1,93.91332598,91.26211515,91.48661787,B,C
B73303,84,1,97.00377888,104.6199843,120.7035003,B,D
B73640,85,0,76.19664829,102.6919007,95.97696993,B,B
B73839,62,0,96.14067129,79.33497737,139.3520024,B,A
B74438,32,0,96.96522323,102.8360181,104.7856021,B,A
B74567,86,1,93.66493104,114.6482201,104.0389086,B,B
B74642,78,1,132.6130061,94.92467534,86.81560948,B,A
B75010,28,0,89.22954094,114.8303256,117.8925563,B,A
B76032,17,0,86.02485068,80.53200774,172.5441398,B,A
B76132,20,0,104.6215697,113.2484212,110.2672376,B,B
B76217,86,1,123.7075284,95.05824196,114.3150001,B,A
B76352,60,1,150.665421,89.13903219,102.6799026,B,C
B76501,85,1,136.5810149,92.82247469,87.67851893,B,A
B76721,52,0,94.15228726,88.44665868,135.7447785,B,C
B77589,4,0,107.8373588,99.83817218,111.0848528,B,D
B77605,11,0,93.21014475,74.96813943,120.0701073,B,C
B77733,59,1,117.6266596,95.72529243,107.4600703,B,C
B77882,12,0,119.4140619,112.1013459,85.28897211,B,D
B78833,96,1,101.0718413,101.4597725,100.4683095,B,B
B79407,82,1,114.2240915,92.57438525,81.39597051,B,A
B79620,73,0,115.6075596,103.0135727,101.6168426,B,B
B79636,86,1,114.5215235,110.5097425,107.1263062,B,D
B79724,98,1,83.41775869,91.62927168,148.1284018,B,B
B79739,71,1,107.2584217,108.2827754,93.91395318,B,C
B79842,43,0,104.4124785,104.8934097,117.2735726,B,C
B80108,100,1,108.7205931,100.8918579,100.8783625,B,B
B80423,100,1,105.383124,106.4173177,133.6504699,B,B
B80540,69,1,83.85966038,86.36248475,110.8471409,B,A
B80584,72,1,102.5176749,109.4756503,95.60684471,B,A
B80779,84,1,110.2297466,101.4455226,75.63057702,B,A
B80874,62,0,83.86989415,122.3492056,62.54817493,B,B
B81218,43,0,92.453609,92.49535193,140.1600911,B,B
B81398,75,1,116.0347608,113.029899,118.9841134,B,A
B81557,25,0,84.53736236,106.0971892,141.8914187,B,C
B82069,56,1,77.20681327,95.44711572,111.5351793,B,C
B82427,87,1,103.6970951,119.0872405,107.2202127,B,A
B82904,82,1,85.21625561,88.57300613,70.92465014,B,A
B82957,95,1,81.13096087,104.561665,93.48403916,B,B
B83063,62,0,91.05138614,97.52466441,78.61742661,B,B
B83297,21,0,60.1987941,112.2903308,101.8822342,B,A
B83701,96,1,73.70460011,95.0772386,105.5116164,B,D
B84189,79,1,150.6956895,111.9887615,85.86354729,B,A
B84613,4,0,92.10080195,89.99461085,97.29228958,B,A
B84895,79,1,70.16802889,93.12458318,86.05930834,B,D
B85345,74,1,86.49978354,86.63641816,92.64598661,B,C
B85508,14,0,105.486158,118.2919966,96.02882218,B,B
B85758,23,0,73.32115289,123.8980003,129.4396901,B,C
B86181,83,1,112.5047783,95.39800589,86.09168244,B,A
B86303,16,0,107.3409195,89.53799142,76.75715125,B,B
B86931,81,1,84.17942039,114.0740657,83.62744989,B,D
B87099,26,0,93.67574478,101.9202298,117.4509664,B,B
B87158,63,1,89.33143548,85.15218999,108.5998878,B,C
B87216,12,0,122.2064503,94.67305419,112.4178876,B,C
B87628,72,1,87.71379376,82.1579423,121.869236,B,C
B88163,71,0,109.7472599,108.0530389,96.14239799,B,A
B88492,81,1,83.12436689,103.9545199,92.11820297,B,A
B88617,25,0,70.95902236,91.05610686,83.54544289,B,B
B89147,46,0,98.4683561,100.2308122,117.3528031,B,B
B89467,73,1,99.49925475,103.3831611,119.7507572,B,C
B89671,74,1,96.48330289,93.04679747,98.31619045,B,C
B89944,86,1,96.10586879,83.88845914,76.37176899,B,D
B90283,10,0,72.55408417,111.3764192,93.54141963,B,B
B90446,71,1,71.92183381,106.8901076,66.868012,B,C
B90634,76,1,33.48191737,102.3103093,97.35961631,B,A
B90701,73,1,75.6867736,97.27128211,112.4831253,B,A
B91214,94,1,122.5029001,87.08359987,73.00784694,B,B
B91530,49,0,103.2224299,88.18026489,99.3788547,B,A
B91840,28,0,144.8317169,117.9077792,108.9362241,B,A
B92820,87,1,83.50915384,80.19900228,135.1693172,B,A
B92913,39,0,89.50688382,94.37580023,99.81819568,B,A
B93459,65,1,81.75718946,99.35744751,98.51566602,B,C
B94024,57,1,111.0734869,90.44967458,89.94547053,B,C
B94041,37,0,138.9963047,97.67299844,104.9696808,B,A
B94595,19,0,124.5444495,94.49411538,130.8823582,B,D
B94810,76,0,136.3466953,96.60797615,99.96954104,B,A
B95294,64,0,112.9292352,97.33062442,96.27540641,B,B
B95508,66,1,75.46380429,113.00593,122.0091321,B,C
B95727,55,0,111.7239334,89.93333376,112.7274067,B,D
B95901,51,0,131.8385011,107.5304932,93.02570296,B,D
B95945,43,0,97.81784409,111.0741675,94.94244328,B,D
B96481,16,0,90.18068383,104.2512406,90.37342086,B,B
B97022,75,1,125.0326918,101.1634821,126.0240766,B,C
B97217,89,1,94.39762265,95.02644317,87.03925358,B,A
B97302,100,1,109.6711377,104.6003316,102.8819567,B,B
B97330,83,0,86.43068027,104.6939431,86.39617998,B,D
B97710,85,0,90.0703862,86.51678718,129.7877454,B,A
B97805,62,0,78.77184657,93.16231384,85.02431101,B,C
B98297,84,1,115.250734,112.158815,102.0829817,B,D
B98474,72,1,88.67721939,97.52182754,98.97230007,B,A
B98712,33,0,93.88255716,103.1290149,110.2320489,B,C
B99498,64,0,96.57340584,108.5498769,112.9562364,B,D
B99598,15,0,110.6439173,98.14071808,86.39503297,B,D
B99739,101,1,122.9730061,94.18413115,95.63839735,B,B
B99924,102,1,70.35776433,93.16992001,149.8722976,B,B
C00014,56,1,101.5053508,77.65982051,107.6560938,C,C
C00018,83,0,109.6262398,99.70414132,112.4182785,C,B
C00580,75,1,116.6319208,113.1316562,83.1886714,C,A
C00985,18,0,75.4853782,92.61947424,108.0423921,C,B
C01157,51,0,111.4722536,85.84924473,128.3332476,C,A
C01356,19,0,56.72643095,92.31284639,117.2177177,C,B
C01361,78,1,88.77023945,110.7154578,79.61013172,C,B
C01421,40,0,143.5503382,97.50586632,121.1105841,C,A
C01510,4,0,113.7242812,97.6195071,102.4971134,C,D
C01578,64,1,100.0059233,103.5028764,96.87603499,C,A
C01701,15,0,89.32006408,95.97596256,98.23716736,C,C
C01862,43,0,101.5846744,93.19685586,53.68552772,C,A
C01902,69,0,97.69718903,101.8849607,130.135676,C,A
C02597,13,0,113.4148533,108.0811633,110.0561783,C,C
C02960,78,0,118.4184127,98.54147055,112.487125,C,D
C03617,27,0,138.9968485,86.86899972,89.35933861,C,D
C04683,69,1,87.50831657,90.08488794,74.33315664,C,A
C04945,77,0,98.14966037,84.2348114,99.79866988,C,D
C05642,85,1,93.48628393,92.9159865,76.24447939,C,D
C05735,60,1,89.23363155,96.99857983,124.484758,C,C
C05889,81,1,111.0257141,93.40602817,80.99028054,C,D
C05968,61,0,106.6486289,95.08878787,110.8264747,C,C
C06303,87,1,122.8634385,115.9176028,72.54074697,C,B
C07049,74,1,93.62504245,111.7793293,126.9995764,C,D
C07367,6,0,94.60611059,113.9721223,68.8084124,C,A
C08202,4,0,96.68465852,91.47319167,92.59096814,C,C
C08864,6,0,95.42828461,104.9358887,128.7880801,C,C
C08909,10,0,113.4407661,84.56255085,98.27463019,C,B
C08924,67,1,127.2639544,103.5572918,133.8596693,C,A
C09683,91,1,85.54546864,103.5603805,95.46044467,C,B
C09746,53,1,51.46222395,100.5511169,106.5114031,C,C
C10393,4,0,70.16567395,101.9694427,114.6269398,C,C
C10625,79,1,129.0020995,93.13240058,84.84584223,C,B
C11338,69,1,112.2564357,85.24114778,106.784924,C,C
C11376,47,0,112.7364301,92.37349843,85.48980065,C,A
C12138,31,0,81.94855191,109.6314486,89.60336669,C,D
C12214,73,0,96.70897012,111.7631163,102.4023769,C,B
C12492,64,1,120.1676238,88.73972756,71.32737145,C,A
C12724,33,0,126.3497155,119.0122866,80.55511582,C,D
C12796,84,1,100.1524759,105.3768446,112.6853212,C,B
C12860,90,1,80.69223153,102.9254586,74.67365277,C,D
C12928,78,1,114.2631231,86.83758483,86.63390737,C,A
C13430,29,0,113.8749271,91.0343136,114.3053581,C,C
C13529,28,0,88.10845571,99.41904421,89.83880804,C,A
C13850,51,0,100.1303832,94.58529922,120.325407,C,B
C13912,62,0,91.63775968,116.7340858,125.5531059,C,D
C14016,4,0,90.78568329,94.05537051,84.73797429,C,A
C14253,84,1,83.57488346,106.4894726,107.7732534,C,D
C14525,76,1,87.59504619,90.70366187,71.41243434,C,B
C15108,8,0,108.7769039,87.49910161,89.65043059,C,A
C15204,96,1,97.53345121,96.30481564,76.90808405,C,B
C15402,91,1,103.1072633,103.6731971,79.50453248,C,D
C15816,40,0,80.40071612,116.0775585,94.01098349,C,B
C17162,53,0,110.0071726,110.6769931,149.4467203,C,D
C17214,18,0,102.6766575,88.96320258,102.9798574,C,D
C17295,17,0,98.85788463,94.59619158,114.2934056,C,D
C18682,4,0,85.29060065,73.29862984,108.4834019,C,B
C18756,86,1,52.49765001,90.09954474,84.82670487,C,D
C18757,72,1,77.69900009,109.9499969,143.9519908,C,D
C19028,29,0,152.2472591,104.4650216,68.16686514,C,C
C19258,75,1,96.80196127,100.8711342,127.4278908,C,A
C19329,23,0,108.4133588,112.8680361,94.82251917,C,D
C20610,29,0,102.1557371,103.4316575,87.24826931,C,B
C20612,58,1,120.3512884,93.77154151,114.2516554,C,C
C20893,22,0,122.4142712,104.5029136,73.54281829,C,D
C21107,75,1,105.9076314,116.0320561,119.3019094,C,B
C21278,25,0,64.28565742,114.037572,123.755117,C,D
C21374,24,0,99.16949664,109.0407797,105.1147708,C,D
C21435,71,0,95.3103348,93.46411836,78.12938193,C,B
C21656,71,1,121.6911516,96.44820999,108.489184,C,D
C21990,42,0,146.48261,98.84825154,106.9790328,C,D
C22009,58,0,65.64282279,76.75852253,113.5163748,C,C
C22629,58,0,129.4026635,105.4037907,87.55605965,C,B
C22637,94,1,85.20434836,108.8334494,119.1640431,C,B
C22819,25,0,118.3935992,94.3830959,110.9381936,C,A
C23187,14,0,83.06857115,104.1607096,124.3629153,C,A
C23312,81,1,92.68039619,103.8757566,121.4210197,C,B
C23488,64,1,79.21047345,91.62352994,98.48603325,C,A
C23537,61,0,94.41582296,95.0731171,107.6967466,C,B
C24039,62,1,42.44635676,92.87398652,105.6019068,C,C
C24131,49,0,105.5142856,99.48156441,62.08682761,C,B
C24150,32,0,105.8495106,120.822109,102.8293459,C,D
C24561,77,1,104.171491,106.3856823,104.0160769,C,A
C25223,28,0,80.44794663,87.76108377,112.6088848,C,D
C25257,45,0,61.94270337,81.57661877,127.5978295,C,B
C25261,69,1,64.10778851,97.40847326,133.7448317,C,C
C25444,33,0,111.6690617,93.27223301,119.0101687,C,C
C26221,15,0,116.2051523,95.81761984,114.0438889,C,B
C26730,12,0,93.80107698,95.22043506,114.1946583,C,B
C27247,77,1,84.41393902,110.8229509,101.1741394,C,D
C28131,67,1,84.25104439,101.3459037,137.7316507,C,C
C28891,78,1,82.87927937,99.50867566,84.82289168,C,A
C29099,44,0,92.94336584,91.9105934,118.6429881,C,D
C29217,10,0,83.2948559,107.5046306,94.22380183,C,B
C29606,72,0,84.24156074,101.8366491,80.45487363,C,D
C29616,57,0,99.1679382,99.38605273,93.00411663,C,D
C29620,70,1,92.77751204,101.0364492,99.01180073,C,C
C29718,43,0,118.5137949,96.81729627,127.2798115,C,D
C29789,58,1,85.44405211,107.3373551,86.72571576,C,C
C29969,70,0,87.85255835,94.28668724,114.1031517,C,B
C30315,65,1,130.5173334,94.24235329,77.07077762,C,C
C31013,30,0,96.3452806,91.29465417,84.81261253,C,B
C31309,60,1,102.8312375,93.54105464,105.1493577,C,C
C31932,76,1,94.60705053,102.8531259,100.2720256,C,B
C31980,28,0,126.1254999,102.2623872,90.11035352,C,B
C32372,53,0,107.641318,113.5152512,90.9112721,C,D
C32643,91,1,101.637611,97.60178301,118.0431521,C,D
C33702,20,0,79.97226263,116.1120162,127.3901657,C,B
C34002,23,0,107.5901149,87.91663016,122.1541802,C,A
C34110,74,1,75.81598114,106.1237704,96.25360918,C,A
C34392,9,0,92.5804527,116.1966992,105.8270944,C,B
C34800,69,1,90.84614958,107.2455027,102.9288987,C,C
C35164,20,0,105.6715844,114.5880459,120.043249,C,B
C35211,70,0,105.6359631,92.74172011,98.90734463,C,B
C35412,92,1,92.50877794,106.551167,106.5479672,C,B
C35576,88,1,85.33211838,92.97577656,139.8641702,C,B
C36130,73,1,75.24853056,106.8743245,53.86889154,C,A
C36278,6,0,105.7059853,93.9014404,114.6999018,C,D
C36459,71,1,70.96539336,96.23301107,123.2548138,C,A
C36575,56,0,81.92521008,87.59759596,110.9066888,C,A
C36676,86,1,95.78219396,112.7934006,98.6350135,C,D
C37098,34,0,80.7822454,94.55384281,87.47371346,C,B
C37782,51,0,98.01613128,97.53770278,99.20396556,C,A
C38339,53,0,114.142562,97.90547112,165.1699551,C,A
C38532,12,0,56.17177135,88.91703002,96.14338728,C,A
C38664,49,0,81.60561713,88.6523958,80.05832135,C,A
C38997,34,0,84.58244428,98.42001087,88.00175655,C,A
C39305,91,1,70.23154327,118.9048733,103.6496815,C,D
C40785,64,0,69.02317525,103.6400105,49.81990264,C,B
C40887,76,1,93.62245547,94.01478639,70.85057767,C,D
C41496,21,0,80.53923807,105.454307,117.1148201,C,C
C41986,15,0,35.76360199,106.3355289,94.18852214,C,D
C42553,57,1,89.95337574,88.1673482,116.5434247,C,C
C42670,5,0,141.0425952,113.3588218,91.31055355,C,B
C42686,33,0,115.8488571,89.61652905,138.311966,C,A
C43668,37,0,105.1548812,95.19828835,116.9706253,C,C
C43768,66,1,84.11160975,118.7811884,106.9423282,C,C
C43788,44,0,94.01171684,91.93279642,111.4627321,C,A
C44020,9,0,150.1404798,94.52318723,128.2809537,C,C
C44135,62,1,86.41755545,103.1555992,137.1040771,C,C
C45091,76,1,126.4345257,105.3148247,107.896672,C,A
C45376,29,0,92.43671384,103.4157814,84.35551244,C,B
C45392,75,1,81.36962424,109.0622125,82.35935334,C,D
C45888,45,0,84.35504868,103.1749187,102.3997151,C,C
C45889,78,1,99.64954629,104.9092518,93.43342614,C,B
C45901,73,0,90.08072329,114.4258633,86.140575,C,D
C46468,10,0,115.5279271,102.9124784,92.37923722,C,B
C46551,70,1,94.38858829,117.5545718,137.6645123,C,A
C46830,82,1,136.5477996,97.29373333,105.3899691,C,D
C47629,90,1,103.7075508,92.41019194,91.100293,C,B
C47974,81,1,123.3028407,103.7623283,49.0321527,C,B
C48275,40,0,87.63602833,108.1085324,85.16860071,C,B
C48367,6,0,77.90980281,81.71882305,116.2701676,C,C
C49063,4,0,74.48747426,99.10009387,79.52161712,C,C
C49114,4,0,102.5285553,109.6696888,125.6032844,C,C
C49153,54,0,99.23940261,105.9369748,100.6230519,C,A
C49214,59,0,103.7368214,97.68297405,104.781466,C,D
C50349,59,0,86.90220321,98.91228582,88.99686622,C,A
C50951,87,1,119.1471724,88.69783307,44.05861937,C,B
C52454,83,1,72.07593772,103.0657014,87.27106218,C,D
C52518,63,1,70.36458943,104.6835089,93.4643859,C,C
C52581,72,1,82.52821911,109.6384237,96.59799612,C,A
C52599,71,1,96.97853587,80.58066955,121.4755021,C,A
C52791,75,1,103.3218849,77.65152004,124.6895599,C,A
C52881,94,1,138.2638844,91.0466142,73.29702688,C,B
C53373,64,1,77.26951694,82.99944993,125.4883602,C,A
C53768,19,0,121.3890098,83.71084563,101.8065298,C,D
C53920,4,0,92.26027172,88.16059474,125.6750718,C,B
C54024,83,1,69.53731478,82.61246511,120.2912622,C,B
C54098,21,0,76.23814115,106.7215997,123.1181318,C,A
C54417,91,1,127.2677998,84.26949324,93.03027489,C,D
C55144,39,0,101.1146141,101.4435887,102.2526685,C,C
C55536,39,0,94.23091985,107.9583453,110.6577848,C,B
C56623,59,0,88.99176552,94.08955846,89.41488442,C,B
C57210,12,0,113.3491219,114.4731859,101.5657772,C,A
C57738,79,1,74.66116758,116.0870869,129.4902715,C,A
C58257,77,1,97.9282765,96.30706049,109.4866982,C,B
C58436,87,1,130.1991676,97.95620176,126.0767394,C,D
C58458,90,1,93.24211823,108.7066627,110.1829006,C,D
C58954,24,0,86.3692016,80.8678127,52.58127457,C,C
C59112,18,0,71.48203946,89.46945152,132.7477118,C,D
C59419,62,1,73.82682304,82.78028935,121.2022877,C,C
C59939,28,0,99.65564682,95.30300146,60.70238138,C,B
C60325,89,0,90.78063751,99.8653775,99.6011896,C,B
C60564,83,1,87.0741334,123.2676935,101.0064163,C,A
C60794,34,0,116.6937881,104.5255342,107.3384773,C,A
C60996,10,0,68.66148375,106.1703546,71.75791101,C,A
C61258,53,0,106.4488937,108.4005876,93.35842227,C,D
C61602,27,0,130.7760286,107.1000442,94.5256947,C,B
C62037,74,0,87.09276089,98.38474842,79.95705583,C,B
C62165,87,1,79.74938628,78.281154,87.93739852,C,D
C62550,72,1,95.12069014,83.91188494,121.0385472,C,A
C62585,94,1,83.27692515,109.7798078,101.1799657,C,B
C62941,75,1,101.2279631,95.88523063,112.0732419,C,A
C63537,61,1,146.4982724,101.0899078,136.030098,C,C
C63725,71,1,90.67123432,89.5638833,86.38418467,C,D
C64268,55,0,103.8908585,108.4477704,99.58076829,C,B
C64314,79,1,83.58406008,79.72451035,124.6367074,C,B
C65257,86,1,127.6432644,92.64479758,98.05514152,C,D
C66440,74,1,85.33137798,97.04522638,91.4131354,C,A
C66596,50,1,116.6944294,106.4850719,107.7119541,C,C
C66908,70,1,138.1911205,91.65626896,101.9259278,C,C
C66972,36,0,121.9064549,78.64690295,101.4990011,C,C
C67091,74,1,54.73533145,91.32443271,91.42479473,C,A
C67253,80,1,99.52789867,94.57180405,110.7814975,C,D
C67614,12,0,132.093877,96.41462829,123.0306319,C,C
C68220,91,1,173.2825408,111.6626543,124.7089102,C,B
C68297,80,1,111.5160364,99.11730398,94.17953507,C,B
C68347,19,0,104.4622671,100.0798604,78.32082733,C,B
C68362,54,1,118.0336224,98.52804145,131.5920746,C,C
C68666,44,0,102.0595059,83.97148642,86.24532972,C,C
C69207,51,0,98.83673629,104.9088072,114.3900269,C,D
C69505,37,0,94.00602087,102.1411703,55.62637359,C,A
C70066,32,0,60.23306632,107.5271185,62.65714424,C,A
C71254,69,0,49.60538555,94.56565418,81.18539743,C,A
C71491,76,1,91.48387459,103.915682,105.9797527,C,D
C71694,75,0,98.56889316,106.0739247,62.08097086,C,D
C73320,87,0,88.55083112,95.97581186,118.0588863,C,B
C73477,26,0,83.31611894,102.6538603,106.3237978,C,B
C73546,57,0,116.8149535,85.58815181,95.15687347,C,D
C73559,53,0,125.8449723,94.1146668,88.68996986,C,C
C74267,51,0,114.5831739,91.77533546,85.70228144,C,C
C77812,15,0,118.101249,109.5193655,107.3707073,C,C
C78165,13,0,97.52706923,101.249552,113.4265545,C,B
C78173,79,1,100.8647969,108.0251614,86.01073964,C,A
C78347,57,0,121.6736792,100.0076838,130.3035019,C,C
C78560,32,0,67.47327555,107.3156409,83.05283881,C,D
C78767,65,0,74.57754143,113.001844,114.5189329,C,B
C79026,47,0,109.5958521,90.89258319,143.3595386,C,B
C79074,4,0,57.60764935,100.5543245,73.99386306,C,D
C79224,7,0,95.83270361,102.60874,102.7298925,C,B
C79268,65,1,110.1976712,109.9128786,96.71791287,C,A
C79357,68,1,86.07886827,96.4323304,149.924611,C,A
C79961,10,0,117.7823809,94.5356663,91.72599463,C,D
C79962,61,1,91.58886359,111.1621117,102.8762405,C,C
C80162,84,1,119.514682,102.3775797,97.89313354,C,D
C81388,87,1,96.84048235,117.8289515,73.47330364,C,D
C81749,57,1,100.221632,101.3705708,112.342235,C,C
C81754,78,1,85.12634681,112.5891621,104.2853153,C,D
C81975,68,1,96.43645598,102.8929828,114.8533917,C,C
C82602,83,1,91.11156321,103.1377918,99.68259133,C,D
C82699,46,0,123.046048,103.7544081,95.82592896,C,A
C83150,67,0,101.1211088,87.70386034,117.6781559,C,B
C83247,45,0,96.06869558,105.2206332,120.2784907,C,D
C83645,4,0,69.93989757,86.29238721,91.86198316,C,C
C83799,79,1,97.50182643,92.22803866,80.80015925,C,D
C83879,46,0,96.98795347,96.98695666,62.95617977,C,C
C83885,28,0,119.204381,111.7721561,84.24208522,C,A
C83986,60,0,105.0382945,93.95323864,120.4900002,C,D
C84016,70,1,129.4538603,108.6197469,97.54660485,C,A
C84356,4,0,120.0742901,102.9920732,91.29538601,C,D
C85217,18,0,75.64669299,114.1988574,86.81793729,C,A
C85758,56,0,118.4128433,98.19892544,73.37333135,C,D
C85782,70,0,87.81222539,103.4070849,111.9665528,C,B
C85975,70,1,117.7069331,114.818523,104.29978,C,C
C86170,49,0,88.40955072,111.8542572,92.50320389,C,B
C86226,69,0,66.63788383,92.20583056,99.06197865,C,B
C86989,30,0,87.22145536,87.38629913,86.81281172,C,A
C87656,89,1,90.20638283,101.7319388,115.1979378,C,B
C87753,45,0,82.88180029,91.02517864,94.62007382,C,B
C88043,53,0,92.15915621,102.9923461,85.15456641,C,A
C88253,49,0,106.5604683,92.93064673,121.0338278,C,B
C88629,54,0,96.65174149,107.9781424,116.7485215,C,A
C89294,76,0,100.1031836,105.2449218,100.0956146,C,B
C89675,76,1,109.8195707,90.71151167,66.85327645,C,A
C89694,70,0,109.5579662,115.1305817,126.3921548,C,D
C90148,16,0,113.0339432,111.219653,107.9998787,C,B
C90292,43,0,88.20535721,110.3469315,99.49648475,C,D
C90638,38,0,126.1653198,93.49884742,87.98386127,C,C
C90731,84,1,99.17823531,99.13871701,95.49296461,C,D
C91260,4,0,76.31401714,96.53014316,77.80657861,C,C
C91401,51,0,129.8158207,96.95590895,111.1647232,C,D
C91545,64,1,82.89800458,89.93110271,77.27328413,C,A
C92131,70,0,114.6718716,106.0197614,90.69467731,C,A
C92375,63,1,88.46874409,104.7434586,86.83447267,C,C
C92402,30,0,85.226111,114.9718442,85.41919146,C,B
C92523,17,0,88.15204937,106.6021446,113.0762836,C,A
C92582,39,0,127.2580478,97.65391673,111.9159592,C,D
C92672,65,0,87.09320002,100.2632976,96.76811894,C,B
C92957,60,0,103.842346,88.89829459,93.43482374,C,C
C93215,58,1,122.1087757,98.82456948,96.96869193,C,C
C93281,85,1,81.05687592,97.77739652,68.74486465,C,B
C93769,64,0,94.60239889,99.90417874,76.53834937,C,A
C93940,37,0,74.97672381,83.63147022,89.18130235,C,C
C93989,38,0,137.2128229,108.4570164,133.6240548,C,A
C94158,30,0,101.4156229,89.75374604,114.909434,C,B
C94381,74,0,121.1085311,95.09554947,104.7811532,C,A
C94396,65,1,115.7507865,98.76222896,101.2066501,C,C
C94555,86,0,65.11291145,105.453561,97.05480756,C,D
C94781,21,0,87.66982255,122.3591251,89.43135826,C,B
C95421,4,0,132.8250743,103.2915252,132.9173555,C,A
C96475,48,0,63.47598728,101.2841864,139.5592476,C,A
C96494,90,1,83.48699368,100.5588038,128.3033183,C,D
C96696,88,0,93.28289225,112.06361,95.21773293,C,B
C96739,55,0,38.78754767,116.4918169,125.0025263,C,D
C96850,52,1,105.7066065,103.4861975,59.64195681,C,C
C97161,60,0,104.1285145,91.5325882,110.0802737,C,C
C97722,64,1,105.3733927,87.22617684,72.06671706,C,C
C98256,79,1,88.01620789,101.2847496,93.07884665,C,D
C98381,48,0,111.6453989,87.89884994,79.45524105,C,D
C98645,92,1,94.40646126,108.4936078,72.02537441,C,B
C98766,14,0,105.9000372,104.2681687,54.57362995,C,B
C98816,30,0,121.6938075,92.38315302,112.167476,C,C
C98876,64,1,98.19445357,94.19122048,75.88332481,C,C
C98965,52,1,77.83610485,112.8325443,121.7863711,C,C
C99089,59,0,102.1167092,102.3093935,100.7171218,C,C
C99363,49,0,116.5487897,93.29411388,100.4592065,C,D
C99859,12,0,81.07606688,92.81724306,123.0878047,C,C
